<?xml version="1.0" encoding="utf-8"?>
<Robot xmlns:xsi="http://www.w3.org/2001/XMLSchema-instance" xmlns:xsd="http://www.w3.org/2001/XMLSchema">
  <Name>ABBIRB2400</Name>
  <Scale>1</Scale>
   <Manufacturer>ABB</Manufacturer>
  <ModelName>IRB 2400</ModelName>
  <Payload>20</Payload>
  <TotalWeight>380</TotalWeight>
  <Links>
    <Link>
      <FileName>link0.stl</FileName>
      <Color>DimGray</Color>
    </Link>
    <Link>
      <FileName>link1.stl</FileName>
      <Color>Chocolate</Color>
    </Link>
    <Link>
      <FileName>link2.stl</FileName>
      <Color>OrangeRed</Color>
    </Link>
    <Link>
      <FileName>link3.stl</FileName>
      <Color>Gold</Color>
    </Link>
	<Link>
      <FileName>link4.stl</FileName>
      <Color>Chocolate</Color>
    </Link>
	<Link>
      <FileName>link5.stl</FileName>
      <Color>Gold</Color>
    </Link>
	<Link>
      <FileName>link6.stl</FileName>
      <Color>MediumSeaGreen</Color>
    </Link>
  </Links>
  <Joints>
    <RevoluteJoint>
      <JointOffset>615</JointOffset>
      <JointAngle>0</JointAngle>
      <LinkLength>100</LinkLength>
      <TwistAngle>90</TwistAngle>
      <JointAngleMin>-180</JointAngleMin>
      <JointAngleMax>180</JointAngleMax>
    </RevoluteJoint>
    <RevoluteJoint>
      <JointOffset>0</JointOffset>
      <JointAngle>90</JointAngle>
      <LinkLength>705</LinkLength>
      <TwistAngle>-180</TwistAngle>
      <JointAngleMin>-15</JointAngleMin>
      <JointAngleMax>195</JointAngleMax>
    </RevoluteJoint>
    <RevoluteJoint>
      <JointOffset>0</JointOffset>
      <JointAngle>0</JointAngle>
      <LinkLength>135</LinkLength>
      <TwistAngle>90</TwistAngle>
      <JointAngleMin>-60</JointAngleMin>
      <JointAngleMax>65</JointAngleMax>
    </RevoluteJoint>
    <RevoluteJoint>
      <JointOffset>-755</JointOffset>
      <JointAngle>0</JointAngle>
      <LinkLength>0</LinkLength>
      <TwistAngle>90</TwistAngle>
      <JointAngleMin>-200</JointAngleMin>
      <JointAngleMax>200</JointAngleMax>
    </RevoluteJoint>
	<RevoluteJoint>
      <JointOffset>0</JointOffset>
      <JointAngle>-90</JointAngle>
      <LinkLength>0</LinkLength>
      <TwistAngle>90</TwistAngle>
      <JointAngleMin>-120</JointAngleMin>
      <JointAngleMax>120</JointAngleMax>
    </RevoluteJoint>
	<RevoluteJoint>
      <JointOffset>150</JointOffset>
      <JointAngle>0</JointAngle>
      <LinkLength>0</LinkLength>
      <TwistAngle>0</TwistAngle>
      <JointAngleMin>-400</JointAngleMin>
      <JointAngleMax>400</JointAngleMax>
    </RevoluteJoint>
  </Joints>
</Robot>