<?xml version="1.0" encoding="utf-8"?>
<Robot xmlns:xsi="http://www.w3.org/2001/XMLSchema-instance" xmlns:xsd="http://www.w3.org/2001/XMLSchema">
  <Name>KukaKR62</Name>
  <Scale>1</Scale>
   <Manufacturer>Kuka</Manufacturer>
  <ModelName>KR 6 2 W</ModelName>
  <Payload>6</Payload>
  <TotalWeight>240</TotalWeight>
  <Links>
    <Link>
      <FileName>link0.stl</FileName>
      <Color>SaddleBrown</Color>
    </Link>
    <Link>
      <FileName>link1.stl</FileName>
      <Color>Orange</Color>
    </Link>
    <Link>
      <FileName>link2.stl</FileName>
      <Color>SaddleBrown</Color>
    </Link>
    <Link>
      <FileName>link3.stl</FileName>
      <Color>Bisque</Color>
    </Link>
	<Link>
      <FileName>link4.stl</FileName>
      <Color>LightSalmon</Color>
    </Link>
	<Link>
      <FileName>link5.stl</FileName>
      <Color>SaddleBrown</Color>
    </Link>
	<Link>
      <FileName>link6.stl</FileName>
      <Color>DarkTurquoise</Color>
    </Link>
  </Links>
  <Joints>
    <RevoluteJoint>
      <JointOffset>675</JointOffset>
      <JointAngle>0</JointAngle>
      <LinkLength>260</LinkLength>
      <TwistAngle>-90</TwistAngle>
      <JointAngleMin>-185</JointAngleMin>
      <JointAngleMax>185</JointAngleMax>
    </RevoluteJoint>
    <RevoluteJoint>
      <JointOffset>0</JointOffset>
      <JointAngle>-90</JointAngle>
      <LinkLength>680</LinkLength>
      <TwistAngle>180</TwistAngle>
      <JointAngleMin>-155</JointAngleMin>
      <JointAngleMax>35</JointAngleMax>
    </RevoluteJoint>
    <RevoluteJoint>
      <JointOffset>0</JointOffset>
      <JointAngle>-180</JointAngle>
      <LinkLength>35</LinkLength>
      <TwistAngle>90</TwistAngle>
      <JointAngleMin>-244</JointAngleMin>
      <JointAngleMax>40</JointAngleMax>
    </RevoluteJoint>
    <RevoluteJoint>
      <JointOffset>-670</JointOffset>
      <JointAngle>-180</JointAngle>
      <LinkLength>0</LinkLength>
      <TwistAngle>90</TwistAngle>
      <JointAngleMin>-530</JointAngleMin>
      <JointAngleMax>170</JointAngleMax>
    </RevoluteJoint>
	<RevoluteJoint>
      <JointOffset>0</JointOffset>
      <JointAngle>-90</JointAngle>
      <LinkLength>0</LinkLength>
      <TwistAngle>90</TwistAngle>
      <JointAngleMin>-130</JointAngleMin>
      <JointAngleMax>130</JointAngleMax>
    </RevoluteJoint>
	<RevoluteJoint>
      <JointOffset>115</JointOffset>
      <JointAngle>0</JointAngle>
      <LinkLength>0</LinkLength>
      <TwistAngle>0</TwistAngle>
      <JointAngleMin>-350</JointAngleMin>
      <JointAngleMax>350</JointAngleMax>
    </RevoluteJoint>
  </Joints>
</Robot>