<?xml version="1.0" encoding="utf-8"?>
<Robot xmlns:xsi="http://www.w3.org/2001/XMLSchema-instance" xmlns:xsd="http://www.w3.org/2001/XMLSchema">
  <Name>ABBIRB6620</Name>
  <Scale>1</Scale>
   <Manufacturer>ABB</Manufacturer>
  <ModelName>IRB 6620</ModelName>
  <Payload>150</Payload>
  <TotalWeight>900</TotalWeight>
  <Links>
    <Link>
      <FileName>link0.stl</FileName>
      <Color>SlateGray</Color>
    </Link>
    <Link>
      <FileName>link1.stl</FileName>
      <Color>Thistle</Color>
    </Link>
    <Link>
      <FileName>link2.stl</FileName>
      <Color>Peru</Color>
    </Link>
    <Link>
      <FileName>link3.stl</FileName>
      <Color>Sienna</Color>
    </Link>
	<Link>
      <FileName>link4.stl</FileName>
      <Color>Peru</Color>
    </Link>
	<Link>
      <FileName>link5.stl</FileName>
      <Color>Orange</Color>
    </Link>
	<Link>
      <FileName>link6.stl</FileName>
      <Color>Yellow</Color>
    </Link>
  </Links>
  <Joints>
    <RevoluteJoint>
      <JointOffset>680</JointOffset>
      <JointAngle>0</JointAngle>
      <LinkLength>320</LinkLength>
      <TwistAngle>90</TwistAngle>
      <JointAngleMin>-170</JointAngleMin>
      <JointAngleMax>170</JointAngleMax>
    </RevoluteJoint>
    <RevoluteJoint>
      <JointOffset>0</JointOffset>
      <JointAngle>90</JointAngle>
      <LinkLength>975</LinkLength>
      <TwistAngle>0</TwistAngle>
      <JointAngleMin>-65</JointAngleMin>
      <JointAngleMax>140</JointAngleMax>
    </RevoluteJoint>
    <RevoluteJoint>
      <JointOffset>0</JointOffset>
      <JointAngle>0</JointAngle>
      <LinkLength>200</LinkLength>
      <TwistAngle>-90</TwistAngle>
      <JointAngleMin>-70</JointAngleMin>
      <JointAngleMax>180</JointAngleMax>
    </RevoluteJoint>
    <RevoluteJoint>
      <JointOffset>-887</JointOffset>
      <JointAngle>0</JointAngle>
      <LinkLength>0</LinkLength>
      <TwistAngle>90</TwistAngle>
      <JointAngleMin>-300</JointAngleMin>
      <JointAngleMax>300</JointAngleMax>
    </RevoluteJoint>
	<RevoluteJoint>
      <JointOffset>0</JointOffset>
      <JointAngle>-270</JointAngle>
      <LinkLength>0</LinkLength>
      <TwistAngle>90</TwistAngle>
      <JointAngleMin>-310</JointAngleMin>
      <JointAngleMax>-50</JointAngleMax>
    </RevoluteJoint>
	<RevoluteJoint>
      <JointOffset>-200</JointOffset>
      <JointAngle>-180</JointAngle>
      <LinkLength>0</LinkLength>
      <TwistAngle>-180</TwistAngle>
      <JointAngleMin>-480</JointAngleMin>
      <JointAngleMax>120</JointAngleMax>
    </RevoluteJoint>
  </Joints>
</Robot>