<?xml   version="1.0" encoding="utf-8"?>
<Robot xmlns:xsi="http://www.w3.org/2001/XMLSchema-instance" xmlns:xsd="http://www.w3.org/2001/XMLSchema">
  <Name>EpsonC3A60CT</Name>
  <Scale>1</Scale>
   <Manufacturer>Epson</Manufacturer>
  <ModelName>C 3</ModelName>
  <Payload>3</Payload>
  <TotalWeight>27</TotalWeight>
  <Links>
    <Link>
      <FileName>link0.stl</FileName>
      <Color>Orange</Color>
    </Link>
    <Link>
      <FileName>link1.stl</FileName>
      <Color>Peru</Color>
    </Link>
    <Link>
      <FileName>link2.stl</FileName>
      <Color>Sienna</Color>
    </Link>
    <Link>
      <FileName>link3.stl</FileName>
      <Color>Orange</Color>
    </Link>
	<Link>
      <FileName>link4.stl</FileName>
      <Color>Sienna</Color>
    </Link>
	<Link>
      <FileName>link5.stl</FileName>
      <Color>Thistle</Color>
    </Link>
	<Link>
      <FileName>link6.stl</FileName>
      <Color>Yellow</Color>
    </Link>
  </Links>
  <Joints>
    <RevoluteJoint>
      <JointOffset>320</JointOffset>
      <JointAngle>0</JointAngle>
      <LinkLength>100</LinkLength>
      <TwistAngle>-90</TwistAngle>
      <JointAngleMin>-170</JointAngleMin>
      <JointAngleMax>170</JointAngleMax>
    </RevoluteJoint>
    <RevoluteJoint>
      <JointOffset>0</JointOffset>
      <JointAngle>-90</JointAngle>
      <LinkLength>250</LinkLength>
      <TwistAngle>0</TwistAngle>
      <JointAngleMin>-160</JointAngleMin>
      <JointAngleMax>65</JointAngleMax>
    </RevoluteJoint>
    <RevoluteJoint>
      <JointOffset>0</JointOffset>
      <JointAngle>180</JointAngle>
      <LinkLength>0</LinkLength>
      <TwistAngle>90</TwistAngle>
      <JointAngleMin>-51</JointAngleMin>
      <JointAngleMax>225</JointAngleMax>
    </RevoluteJoint>
    <RevoluteJoint>
      <JointOffset>250</JointOffset>
      <JointAngle>0</JointAngle>
      <LinkLength>0</LinkLength>
      <TwistAngle>90</TwistAngle>
      <JointAngleMin>-200</JointAngleMin>
      <JointAngleMax>200</JointAngleMax>
    </RevoluteJoint>
	<RevoluteJoint>
      <JointOffset>0</JointOffset>
      <JointAngle>-90</JointAngle>
      <LinkLength>0</LinkLength>
      <TwistAngle>90</TwistAngle>
      <JointAngleMin>-135</JointAngleMin>
      <JointAngleMax>135</JointAngleMax>
    </RevoluteJoint>
	<RevoluteJoint>
      <JointOffset>-65</JointOffset>
      <JointAngle>0</JointAngle>
      <LinkLength>0</LinkLength>
      <TwistAngle>180</TwistAngle>
      <JointAngleMin>-360</JointAngleMin>
      <JointAngleMax>360</JointAngleMax>
    </RevoluteJoint>
  </Joints>
</Robot>