<?xml version="1.0" encoding="utf-8"?>
<Robot xmlns:xsi="http://www.w3.org/2001/XMLSchema-instance" xmlns:xsd="http://www.w3.org/2001/XMLSchema">
  <Name>KukaKR5Coll3</Name>
  <Scale>1</Scale>
   <Manufacturer>Kuka</Manufacturer>
  <ModelName>KR 5 Arc</ModelName>
  <Payload>5</Payload>
  <TotalWeight>127</TotalWeight>
  <Links>
    <Link>
      <FileName>link0.stl</FileName>
      <Color>SlateGray</Color>
    </Link>
    <Link>
      <FileName>link1.stl</FileName>
      <Color>Goldenrod</Color>
    </Link>
    <Link>
      <FileName>link2.stl</FileName>
      <Color>OrangeRed</Color>
    </Link>
    <Link>
      <FileName>link3.stl</FileName>
      <Color>Sienna</Color>
    </Link>
	<Link>
      <FileName>link4.stl</FileName>
    <Color>Gold</Color>
    </Link>
	<Link>
      <FileName>link5.stl</FileName>
      <Color>Indigo</Color>
    </Link>	
  </Links>
  <Joints>
    <RevoluteJoint>
      <JointOffset>400</JointOffset>
      <JointAngle>90</JointAngle>
      <LinkLength>180</LinkLength>
      <TwistAngle>90</TwistAngle>
      <JointAngleMin>60</JointAngleMin>
      <JointAngleMax>120</JointAngleMax>
    </RevoluteJoint>
    <RevoluteJoint>
      <JointOffset>0</JointOffset>
      <JointAngle>90</JointAngle>
      <LinkLength>600</LinkLength>
      <TwistAngle>-180</TwistAngle>
      <JointAngleMin>60</JointAngleMin>
      <JointAngleMax>120</JointAngleMax>
    </RevoluteJoint>
    <RevoluteJoint>
      <JointOffset>0</JointOffset>
      <JointAngle>-45</JointAngle>
      <LinkLength>120</LinkLength>
      <TwistAngle>90</TwistAngle>
      <JointAngleMin>-90</JointAngleMin>
      <JointAngleMax>0</JointAngleMax>
    </RevoluteJoint>
    <RevoluteJoint>
      <JointOffset>-620</JointOffset>
      <JointAngle>0</JointAngle>
      <LinkLength>0</LinkLength>
      <TwistAngle>90</TwistAngle>
      <JointAngleMin>-90</JointAngleMin>
      <JointAngleMax>90</JointAngleMax>
    </RevoluteJoint>
    <RevoluteJoint>
      <JointOffset>0</JointOffset>
      <JointAngle>0</JointAngle>
      <LinkLength>0</LinkLength>
      <TwistAngle>0</TwistAngle>
      <JointAngleMin>-90</JointAngleMin>
      <JointAngleMax>0</JointAngleMax>
    </RevoluteJoint>    
  </Joints>
</Robot>
