<?xml version="1.0" encoding="utf-8"?>
<Robot xmlns:xsi="http://www.w3.org/2001/XMLSchema-instance" xmlns:xsd="http://www.w3.org/2001/XMLSchema">
  <Name>FanucM410iB</Name>
  <Scale>1</Scale>
   <Manufacturer>Fanuc</Manufacturer>
  <ModelName>M 410 iB</ModelName>
  <Payload>300</Payload>
  <TotalWeight>1940</TotalWeight>
  <Links>
    <Link>
      <FileName>link0.stl</FileName>
      <Color>Yellow</Color>
    </Link>
    <Link>
      <FileName>link1.stl</FileName>
      <Color>Sienna</Color>      
    </Link>
    <Link>
      <FileName>link2.stl</FileName>
      <Color>Peru</Color>
    </Link>
    <Link>
      <FileName>link3.stl</FileName>
      <Color>Sienna</Color>
    </Link>
	<Link>
      <FileName>link4.stl</FileName>
      <Color>Thistle</Color>
    </Link>
	<Link>
      <FileName>link5.stl</FileName>
      <Color>Red</Color>
    </Link>
	
  </Links>
  <Joints>
    <RevoluteJoint>
      <JointOffset>1596</JointOffset>
      <JointAngle>0</JointAngle>
      <LinkLength>389.9965</LinkLength>
      <TwistAngle>-90</TwistAngle>
      <JointAngleMin>-180</JointAngleMin>
      <JointAngleMax>180</JointAngleMax>
    </RevoluteJoint>
    <RevoluteJoint>
      <JointOffset>0</JointOffset>
      <JointAngle>-90</JointAngle>
      <LinkLength>1220</LinkLength>
      <TwistAngle>-180</TwistAngle>
      <JointAngleMin>-135</JointAngleMin>
      <JointAngleMax>10</JointAngleMax>
    </RevoluteJoint>
    <RevoluteJoint>
      <JointOffset>0</JointOffset>
      <JointAngle>-90</JointAngle>
      <LinkLength>1300</LinkLength>
      <TwistAngle>180</TwistAngle>
      <JointAngleMin>-125</JointAngleMin>
      <JointAngleMax>10</JointAngleMax>
    </RevoluteJoint>
    <RevoluteJoint>
      <JointOffset>0</JointOffset>
      <JointAngle>0</JointAngle>
      <LinkLength>225</LinkLength>
      <TwistAngle>90</TwistAngle>
      <JointAngleMin>-135</JointAngleMin>
      <JointAngleMax>135</JointAngleMax>
    </RevoluteJoint>
	<RevoluteJoint>
      <JointOffset>-172</JointOffset>
      <JointAngle>0</JointAngle>
      <LinkLength>0</LinkLength>
      <TwistAngle>-180</TwistAngle>
      <JointAngleMin>-360</JointAngleMin>
      <JointAngleMax>360</JointAngleMax>
    </RevoluteJoint>
	
  </Joints>
</Robot>