<?xml version="1.0" encoding="utf-8"?>
<Robot xmlns:xsi="http://www.w3.org/2001/XMLSchema-instance" xmlns:xsd="http://www.w3.org/2001/XMLSchema">
  <Name>FanucM10iA</Name>
  <Scale>1</Scale>
   <Manufacturer>Fanuc</Manufacturer>
  <ModelName>M 10 iA</ModelName>
  <Payload>10</Payload>
  <TotalWeight>130</TotalWeight>
  <Links>
    <Link>
      <FileName>link0.stl</FileName>
      <Color>Peru</Color>
    </Link>
    <Link>
      <FileName>link1.stl</FileName>
      <Color>Sienna</Color>
    </Link>
    <Link>
      <FileName>link2.stl</FileName>
      <Color>Thistle</Color>
    </Link>
    <Link>
      <FileName>link3.stl</FileName>
      <Color>Yellow</Color>
    </Link>
	<Link>
      <FileName>link4.stl</FileName>
    <Color>Sienna</Color>
    </Link>
	<Link>
      <FileName>link5.stl</FileName>
    <Color>Peru</Color>
    </Link>
	<Link>
      <FileName>link6.stl</FileName>
    <Color>Violet</Color>
    </Link>
  </Links>
  <Joints>
    <RevoluteJoint>
      <JointOffset>450</JointOffset>
      <JointAngle>0</JointAngle>
      <LinkLength>150</LinkLength>
      <TwistAngle>-90</TwistAngle>
      <JointAngleMin>-180</JointAngleMin>
      <JointAngleMax>180</JointAngleMax>
    </RevoluteJoint>
    <RevoluteJoint>
      <JointOffset>0</JointOffset>
      <JointAngle>-90</JointAngle>
      <LinkLength>600</LinkLength>
      <TwistAngle>0</TwistAngle>
      <JointAngleMin>-190</JointAngleMin>
      <JointAngleMax>60</JointAngleMax>
    </RevoluteJoint>
    <RevoluteJoint>
      <JointOffset>0</JointOffset>
      <JointAngle>0</JointAngle>
      <LinkLength>200</LinkLength>
      <TwistAngle>90</TwistAngle>
      <JointAngleMin>-355</JointAngleMin>
      <JointAngleMax>90</JointAngleMax>
    </RevoluteJoint>
    <RevoluteJoint>
      <JointOffset>-640</JointOffset>
      <JointAngle>0</JointAngle>
      <LinkLength>0</LinkLength>
      <TwistAngle>90</TwistAngle>
      <JointAngleMin>-190</JointAngleMin>
      <JointAngleMax>190</JointAngleMax>
    </RevoluteJoint>
	<RevoluteJoint>
      <JointOffset>0</JointOffset>
      <JointAngle>-90</JointAngle>
      <LinkLength>0</LinkLength>
      <TwistAngle>90</TwistAngle>
      <JointAngleMin>-190</JointAngleMin>
      <JointAngleMax>190</JointAngleMax>
    </RevoluteJoint>
	<RevoluteJoint>
      <JointOffset>100</JointOffset>
      <JointAngle>-180</JointAngle>
      <LinkLength>0</LinkLength>
      <TwistAngle>0</TwistAngle>
      <JointAngleMin>-360</JointAngleMin>
      <JointAngleMax>360</JointAngleMax>
    </RevoluteJoint>
  </Joints>
</Robot>