<?xml version="1.0" encoding="utf-8"?>
<RARobotClass xmlns:xsi="http://www.w3.org/2001/XMLSchema-instance" xmlns:xsd="http://www.w3.org/2001/XMLSchema">
  <DOF>3</DOF>
  <SelectedRobot>RRP</SelectedRobot>
  <JointList>
    <RAJoint xsi:type="RARevoluteJoint">
      <JointLength>80</JointLength>
      <TwistAngle>90</TwistAngle>
      <JVInitial>0</JVInitial>
      <JVFinal>180</JVFinal>
      <Index>0</Index>
      <JointOffset>50</JointOffset>
    </RAJoint>
    <RAJoint xsi:type="RARevoluteJoint">
      <JointLength>80</JointLength>
      <TwistAngle>90</TwistAngle>
      <JVInitial>90</JVInitial>
      <JVFinal>180</JVFinal>
      <Index>1</Index>
      <JointOffset>50</JointOffset>
    </RAJoint>
    <RAJoint xsi:type="RAPrismaticJoint">
      <JointLength>75</JointLength>
      <TwistAngle>90</TwistAngle>
      <JVInitial>0</JVInitial>
      <JVFinal>100</JVFinal>
      <Index>2</Index>
      <JointAngle>90</JointAngle>
    </RAJoint>
  </JointList>
  <LinkList>
    <RALink xsi:type="RALinkRR">
      <Name>Link1</Name>
      <LinkGraphicProperty>
        <Color>BlueViolet</Color>
      </LinkGraphicProperty>
      <Index>0</Index>
      <LinkMassProperty>
        <Mass>1</Mass>
        <Ixx>0</Ixx>
        <Iyy>0.08333</Iyy>
        <Izz>0.08333</Izz>
        <Ixy>0</Ixy>
        <Iyz>0</Iyz>
        <Izx>0</Izx>
      </LinkMassProperty>
      <LinkCGProperty>
        <Rx>-0.1</Rx>
        <Ry>0</Ry>
        <Rz>0</Rz>
      </LinkCGProperty>
      <LinkLength>80</LinkLength>
      <TwistAngle>90</TwistAngle>
      <DHVisualize>JointOffset</DHVisualize>
      <JointOffset>50</JointOffset>
    </RALink>
    <RALink xsi:type="RALinkRP">
      <Name>Link2</Name>
      <LinkGraphicProperty>
        <Color>DarkOrange</Color>
      </LinkGraphicProperty>
      <Index>1</Index>
      <LinkMassProperty>
        <Mass>1</Mass>
        <Ixx>0</Ixx>
        <Iyy>0.08333</Iyy>
        <Izz>0.08333</Izz>
        <Ixy>0</Ixy>
        <Iyz>0</Iyz>
        <Izx>0</Izx>
      </LinkMassProperty>
      <LinkCGProperty>
        <Rx>-0.1</Rx>
        <Ry>0</Ry>
        <Rz>0</Rz>
      </LinkCGProperty>
      <LinkLength>80</LinkLength>
      <TwistAngle>90</TwistAngle>
      <DHVisualize>JointOffset</DHVisualize>
      <JointOffset>50</JointOffset>
      <JointOffsetNextMax>100</JointOffsetNextMax>
    </RALink>
    <RALink xsi:type="RALinkPE">
      <Name>Link3</Name>
      <LinkGraphicProperty>
        <Color>RosyBrown</Color>
      </LinkGraphicProperty>
      <Index>2</Index>
      <LinkMassProperty>
        <Mass>1</Mass>
        <Ixx>0.08333</Ixx>
        <Iyy>0.08333</Iyy>
        <Izz>0</Izz>
        <Ixy>0</Ixy>
        <Iyz>0</Iyz>
        <Izx>0</Izx>
      </LinkMassProperty>
      <LinkCGProperty>
        <Rx>0</Rx>
        <Ry>0</Ry>
        <Rz>0.5</Rz>
      </LinkCGProperty>
      <LinkLength>75</LinkLength>
      <TwistAngle>90</TwistAngle>
      <DHVisualize>JointOffset</DHVisualize>
      <JointAngle>90</JointAngle>
    </RALink>
  </LinkList>
  <BaseLink xsi:type="RABaseLinkRevolute">
    <LinkGraphicProperty>
      <Color>Gray</Color>
    </LinkGraphicProperty>
  </BaseLink>
  <GravityProperty>
    <Gx>0</Gx>
    <Gy>-9.81</Gy>
    <Gz>0</Gz>
  </GravityProperty>
</RARobotClass>