<?xml version="1.0" encoding="utf-8"?>
<RARobotClass xmlns:xsi="http://www.w3.org/2001/XMLSchema-instance" xmlns:xsd="http://www.w3.org/2001/XMLSchema">
  <DOF>5</DOF>
  <SelectedRobot>PPPRR</SelectedRobot>
  <JointList>
    <RAJoint xsi:type="RAPrismaticJoint">
      <JointLength>0</JointLength>
      <TwistAngle>90</TwistAngle>
      <JVInitial>100</JVInitial>
      <JVFinal>200</JVFinal>
      <Index>0</Index>
      <JointAngle>90</JointAngle>
    </RAJoint>
    <RAJoint xsi:type="RAPrismaticJoint">
      <JointLength>0</JointLength>
      <TwistAngle>90</TwistAngle>
      <JVInitial>100</JVInitial>
      <JVFinal>200</JVFinal>
      <Index>1</Index>
      <JointAngle>90</JointAngle>
    </RAJoint>
    <RAJoint xsi:type="RAPrismaticJoint">
      <JointLength>0</JointLength>
      <TwistAngle>90</TwistAngle>
      <JVInitial>100</JVInitial>
      <JVFinal>200</JVFinal>
      <Index>0</Index>
      <JointAngle>180</JointAngle>
    </RAJoint>
    <RAJoint xsi:type="RARevoluteJoint">
      <JointLength>0</JointLength>
      <TwistAngle>90</TwistAngle>
      <JVInitial>0</JVInitial>
      <JVFinal>60</JVFinal>
      <Index>3</Index>
      <JointOffset>300</JointOffset>
    </RAJoint>
    <RAJoint xsi:type="RARevoluteJoint">
      <JointLength>254</JointLength>
      <TwistAngle>-90</TwistAngle>
      <JVInitial>30</JVInitial>
      <JVFinal>60</JVFinal>
      <Index>4</Index>
      <JointOffset>0</JointOffset>
    </RAJoint>
  </JointList>
  <LinkList>
    <RALink xsi:type="RALinkPP">
      <Name>Link1</Name>
      <LinkGraphicProperty>
        <Color>Orange</Color>
      </LinkGraphicProperty>
      <Index>0</Index>
      <LinkMassProperty>
        <Mass>1</Mass>
        <Ixx>0</Ixx>
        <Iyy>0.08333</Iyy>
        <Izz>0.08333</Izz>
        <Ixy>0</Ixy>
        <Iyz>0</Iyz>
        <Izx>0</Izx>
      </LinkMassProperty>
      <LinkCGProperty>
        <Rx>0.1</Rx>
        <Ry>0.05</Ry>
        <Rz>0</Rz>
      </LinkCGProperty>
      <LinkLength>100</LinkLength>
      <TwistAngle>90</TwistAngle>
      <DHVisualize>JointOffset</DHVisualize>
      <JointAngle>90</JointAngle>
      <JointOffsetNextMax>200</JointOffsetNextMax>
    </RALink>
	<RALink xsi:type="RALinkPP">
      <Name>Link2</Name>
      <LinkGraphicProperty>
        <Color>BlueViolet</Color>
      </LinkGraphicProperty>
      <Index>1</Index>
      <LinkMassProperty>
        <Mass>1</Mass>
        <Ixx>0</Ixx>
        <Iyy>0.08333</Iyy>
        <Izz>0.08333</Izz>
        <Ixy>0</Ixy>
        <Iyz>0</Iyz>
        <Izx>0</Izx>
      </LinkMassProperty>
      <LinkCGProperty>
        <Rx>0.1</Rx>
        <Ry>0.05</Ry>
        <Rz>0</Rz>
      </LinkCGProperty>
      <LinkLength>100</LinkLength>
      <TwistAngle>90</TwistAngle>
      <DHVisualize>JointOffset</DHVisualize>
      <JointAngle>90</JointAngle>
      <JointOffsetNextMax>200</JointOffsetNextMax>
    </RALink>
	<RALink xsi:type="RALinkPR">
      <Name>Link3</Name>
      <LinkGraphicProperty>
        <Color>DarkOrange</Color>
      </LinkGraphicProperty>
      <Index>2</Index>
      <LinkMassProperty>
        <Mass>1</Mass>
        <Ixx>0</Ixx>
        <Iyy>0.08333</Iyy>
        <Izz>0.08333</Izz>
        <Ixy>0</Ixy>
        <Iyz>0</Iyz>
        <Izx>0</Izx>
      </LinkMassProperty>
      <LinkCGProperty>
        <Rx>0.1</Rx>
        <Ry>0.05</Ry>
        <Rz>0</Rz>
      </LinkCGProperty>
      <LinkLength>100</LinkLength>
      <TwistAngle>90</TwistAngle>
      <DHVisualize>JointOffset</DHVisualize>
      <JointAngle>90</JointAngle>
    </RALink>
	<RALink xsi:type="RALinkRR">
      <Name>Link4</Name>
      <LinkGraphicProperty>
        <Color>Magenta</Color>
      </LinkGraphicProperty>
      <Index>3</Index>
      <LinkMassProperty>
        <Mass>15.92</Mass>
        <Ixx>0.541</Ixx>
        <Iyy>0.552</Iyy>
        <Izz>0.044</Izz>
        <Ixy>0.000435</Ixy>
        <Iyz>0.017</Iyz>
        <Izx>-0.005</Izx>
      </LinkMassProperty>
      <LinkCGProperty>
        <Rx>0.333</Rx>
        <Ry>0.002</Ry>
        <Rz>0.039</Rz>
      </LinkCGProperty>
      <LinkLength>600</LinkLength>
      <TwistAngle>180</TwistAngle>
      <DHVisualize>JointOffset</DHVisualize>
      <JointOffset>135</JointOffset>
    </RALink>
    <RALink xsi:type="RALinkRE">
      <Name>Link5</Name>
      <LinkGraphicProperty>
        <Color>SteelBlue</Color>
      </LinkGraphicProperty>
      <Index>4</Index>
      <LinkMassProperty>
        <Mass>1.615</Mass>
        <Ixx>0.002</Ixx>
        <Iyy>0.004</Iyy>
        <Izz>0.004</Izz>
        <Ixy>0</Ixy>
        <Iyz>0</Iyz>
        <Izx>0</Izx>
      </LinkMassProperty>
      <LinkCGProperty>
        <Rx>0</Rx>
        <Ry>-0.01</Ry>
        <Rz>-0.033</Rz>
      </LinkCGProperty>
      <LinkLength>0</LinkLength>
      <TwistAngle>-90</TwistAngle>
      <DHVisualize>JointOffset</DHVisualize>
      <JointOffset>0</JointOffset>
    </RALink>
  </LinkList>
  <BaseLink xsi:type="RABaseLinkPrismatic">
    <LinkGraphicProperty>
      <Color>Gray</Color>
    </LinkGraphicProperty>
  </BaseLink>
  <GravityProperty>
    <Gx>0</Gx>
    <Gy>0</Gy>
    <Gz>-9.81</Gz>
  </GravityProperty>
</RARobotClass>