<?xml version="1.0" encoding="utf-8"?>
<RARobotClass xmlns:xsi="http://www.w3.org/2001/XMLSchema-instance" xmlns:xsd="http://www.w3.org/2001/XMLSchema">
  <DOF>6</DOF>
  <SelectedRobot>6R</SelectedRobot>
  <JointList>
    <RAJoint xsi:type="RARevoluteJoint">
      <JointLength>180</JointLength>
      <TwistAngle>90</TwistAngle>
      <JVInitial>0</JVInitial>
      <JVFinal>60</JVFinal>
      <Index>0</Index>
      <JointOffset>400</JointOffset>
    </RAJoint>
    <RAJoint xsi:type="RARevoluteJoint">
      <JointLength>600</JointLength>
      <TwistAngle>180</TwistAngle>
      <JVInitial>0</JVInitial>
      <JVFinal>60</JVFinal>
      <Index>1</Index>
      <JointOffset>135</JointOffset>
    </RAJoint>
    <RAJoint xsi:type="RARevoluteJoint">
      <JointLength>120</JointLength>
      <TwistAngle>-90</TwistAngle>
      <JVInitial>0</JVInitial>
      <JVFinal>60</JVFinal>
      <Index>2</Index>
      <JointOffset>135</JointOffset>
    </RAJoint>
    <RAJoint xsi:type="RARevoluteJoint">
      <JointLength>0</JointLength>
      <TwistAngle>90</TwistAngle>
      <JVInitial>0</JVInitial>
      <JVFinal>60</JVFinal>
      <Index>3</Index>
      <JointOffset>620</JointOffset>
    </RAJoint>
    <RAJoint xsi:type="RARevoluteJoint">
      <JointLength>0</JointLength>
      <TwistAngle>-90</TwistAngle>
      <JVInitial>0</JVInitial>
      <JVFinal>60</JVFinal>
      <Index>4</Index>
      <JointOffset>0</JointOffset>
    </RAJoint>
    <RAJoint xsi:type="RARevoluteJoint">
      <JointLength>0</JointLength>
      <TwistAngle>0</TwistAngle>
      <JVInitial>0</JVInitial>
      <JVFinal>60</JVFinal>
      <Index>5</Index>
      <JointOffset>0</JointOffset>
    </RAJoint>
  </JointList>
  <LinkList>
    <RALink xsi:type="RALinkRR">
      <Name>Link1</Name>
      <LinkGraphicProperty>
        <Color>BlueViolet</Color>
      </LinkGraphicProperty>
      <Index>0</Index>
      <LinkMassProperty>
        <Mass>26.98</Mass>
        <Ixx>0.322</Ixx>
        <Iyy>0.467</Iyy>
        <Izz>0.478</Izz>
        <Ixy>-0.018</Ixy>
        <Iyz>-0.014</Iyz>
        <Izx>-0.145</Izx>
      </LinkMassProperty>
      <LinkCGProperty>
        <Rx>0.091</Rx>
        <Ry>0.067</Ry>
        <Rz>0.006</Rz>
      </LinkCGProperty>
      <LinkLength>180</LinkLength>
      <TwistAngle>90</TwistAngle>
      <DHVisualize>JointOffset</DHVisualize>
      <JointOffset>400</JointOffset>
    </RALink>
    <RALink xsi:type="RALinkRR">
      <Name>Link2</Name>
      <LinkGraphicProperty>
        <Color>DarkOrange</Color>
      </LinkGraphicProperty>
      <Index>1</Index>
      <LinkMassProperty>
        <Mass>15.92</Mass>
        <Ixx>0.541</Ixx>
        <Iyy>0.552</Iyy>
        <Izz>0.044</Izz>
        <Ixy>0.000435</Ixy>
        <Iyz>0.017</Iyz>
        <Izx>-0.005</Izx>
      </LinkMassProperty>
      <LinkCGProperty>
        <Rx>0.333</Rx>
        <Ry>0.002</Ry>
        <Rz>0.039</Rz>
      </LinkCGProperty>
      <LinkLength>600</LinkLength>
      <TwistAngle>180</TwistAngle>
      <DHVisualize>JointOffset</DHVisualize>
      <JointOffset>135</JointOffset>
    </RALink>
    <RALink xsi:type="RALinkRR">
      <Name>Link3</Name>
      <LinkGraphicProperty>
        <Color>Brown</Color>
      </LinkGraphicProperty>
      <Index>2</Index>
      <LinkMassProperty>
        <Mass>25.852</Mass>
        <Ixx>0.775</Ixx>
        <Iyy>0.75</Iyy>
        <Izz>0.208</Izz>
        <Ixy>-0.009</Ixy>
        <Iyz>0.007</Iyz>
        <Izx>0.025</Izx>
      </LinkMassProperty>
      <LinkCGProperty>
        <Rx>0.032</Rx>
        <Ry>-0.008</Ry>
        <Rz>-0.034</Rz>
      </LinkCGProperty>
      <LinkLength>120</LinkLength>
      <TwistAngle>-90</TwistAngle>
      <DHVisualize>JointOffset</DHVisualize>
      <JointOffset>135</JointOffset>
    </RALink>
    <RALink xsi:type="RALinkRR">
      <Name>Link4</Name>
      <LinkGraphicProperty>
        <Color>Crimson</Color>
      </LinkGraphicProperty>
      <Index>3</Index>
      <LinkMassProperty>
        <Mass>4.088</Mass>
        <Ixx>0.01</Ixx>
        <Iyy>0.02</Iyy>
        <Izz>0.024</Izz>
        <Ixy>0.002</Ixy>
        <Iyz>0</Iyz>
        <Izx>0</Izx>
      </LinkMassProperty>
      <LinkCGProperty>
        <Rx>0</Rx>
        <Ry>0.109</Ry>
        <Rz>-0.008</Rz>
      </LinkCGProperty>
      <LinkLength>0</LinkLength>
      <TwistAngle>90</TwistAngle>
      <DHVisualize>JointOffset</DHVisualize>
      <JointOffset>620</JointOffset>
    </RALink>
    <RALink xsi:type="RALinkRR">
      <Name>Link5</Name>
      <LinkGraphicProperty>
        <Color>BlueViolet</Color>
      </LinkGraphicProperty>
      <Index>4</Index>
      <LinkMassProperty>
        <Mass>1.615</Mass>
        <Ixx>0.002</Ixx>
        <Iyy>0.004</Iyy>
        <Izz>0.004</Izz>
        <Ixy>0</Ixy>
        <Iyz>0</Iyz>
        <Izx>0</Izx>
      </LinkMassProperty>
      <LinkCGProperty>
        <Rx>0</Rx>
        <Ry>-0.01</Ry>
        <Rz>-0.033</Rz>
      </LinkCGProperty>
      <LinkLength>0</LinkLength>
      <TwistAngle>-90</TwistAngle>
      <DHVisualize>JointOffset</DHVisualize>
      <JointOffset>0</JointOffset>
    </RALink>
    <RALink xsi:type="RALinkRE">
      <Name>Link6</Name>
      <LinkGraphicProperty>
        <Color>Cyan</Color>
      </LinkGraphicProperty>
      <Index>5</Index>
      <LinkMassProperty>
        <Mass>0.016</Mass>
        <Ixx>6.2E-06</Ixx>
        <Iyy>3.01E-06</Iyy>
        <Izz>3.29E-06</Izz>
        <Ixy>0</Ixy>
        <Iyz>0</Iyz>
        <Izx>0</Izx>
      </LinkMassProperty>
      <LinkCGProperty>
        <Rx>0</Rx>
        <Ry>0</Ry>
        <Rz>-0.111</Rz>
      </LinkCGProperty>
      <LinkLength>0</LinkLength>
      <TwistAngle>0</TwistAngle>
      <DHVisualize>JointOffset</DHVisualize>
      <JointOffset>0</JointOffset>
    </RALink>
  </LinkList>
  <BaseLink>
    <LinkGraphicProperty>
      <Color />
    </LinkGraphicProperty>
  </BaseLink>
  <GravityProperty>
    <Gx>0</Gx>
    <Gy>0</Gy>
    <Gz>-9.81</Gz>
  </GravityProperty>
</RARobotClass>