<?xml version="1.0" encoding="utf-8"?>
<Robot xmlns:xsi="http://www.w3.org/2001/XMLSchema-instance" xmlns:xsd="http://www.w3.org/2001/XMLSchema">
  <Name>ABBIRB6650</Name>
  <Scale>1</Scale>
   <Manufacturer>ABB</Manufacturer>
  <ModelName>IRB 6650</ModelName>
  <Payload>125</Payload>
  <TotalWeight>2250</TotalWeight>
  <Links>
    <Link>
      <FileName>link0.stl</FileName>
      <Color>Gray</Color>
    </Link>
    <Link>
      <FileName>link1.stl</FileName>
      <Color>Sienna</Color>
    </Link>
    <Link>
      <FileName>link2.stl</FileName>
      <Color>Peru</Color>
    </Link>
    <Link>
      <FileName>link3.stl</FileName>
      <Color>Thistle</Color>
    </Link>
	<Link>
      <FileName>link4.stl</FileName>
      <Color>Sienna</Color>
    </Link>
	<Link>
      <FileName>link5.stl</FileName>
      <Color>Peru</Color>
    </Link>
	<Link>
      <FileName>link6.stl</FileName>
      <Color>Yellow</Color>
    </Link>
  </Links>
  <Joints>
    <RevoluteJoint>
      <JointOffset>780</JointOffset>
      <JointAngle>0</JointAngle>
      <LinkLength>320</LinkLength>
      <TwistAngle>-90</TwistAngle>
      <JointAngleMin>-180</JointAngleMin>
      <JointAngleMax>180</JointAngleMax>
    </RevoluteJoint>
    <RevoluteJoint>
      <JointOffset>0</JointOffset>
      <JointAngle>-90</JointAngle>
      <LinkLength>1280</LinkLength>
      <TwistAngle>0</TwistAngle>
      <JointAngleMin>-130</JointAngleMin>
      <JointAngleMax>70</JointAngleMax>
    </RevoluteJoint>
    <RevoluteJoint>
      <JointOffset>0</JointOffset>
      <JointAngle>0</JointAngle>
      <LinkLength>200</LinkLength>
      <TwistAngle>90</TwistAngle>
      <JointAngleMin>-180</JointAngleMin>
      <JointAngleMax>70</JointAngleMax>
    </RevoluteJoint>
    <RevoluteJoint>
      <JointOffset>-1592</JointOffset>
      <JointAngle>0</JointAngle>
      <LinkLength>0</LinkLength>
      <TwistAngle>90</TwistAngle>
      <JointAngleMin>-300</JointAngleMin>
      <JointAngleMax>300</JointAngleMax>
    </RevoluteJoint>
	<RevoluteJoint>
      <JointOffset>0</JointOffset>
      <JointAngle>-90</JointAngle>
      <LinkLength>0</LinkLength>
      <TwistAngle>90</TwistAngle>
      <JointAngleMin>-120</JointAngleMin>
      <JointAngleMax>120</JointAngleMax>
    </RevoluteJoint>
	<RevoluteJoint>
      <JointOffset>200</JointOffset>
      <JointAngle>0</JointAngle>
      <LinkLength>0</LinkLength>
      <TwistAngle>0</TwistAngle>
      <JointAngleMin>-360</JointAngleMin>
      <JointAngleMax>360</JointAngleMax>
    </RevoluteJoint>
  </Joints>
</Robot>