<?xml version="1.0" encoding="utf-8"?>
<Robot xmlns:xsi="http://www.w3.org/2001/XMLSchema-instance" xmlns:xsd="http://www.w3.org/2001/XMLSchema">
  <Name>KukaKR5Sixx</Name>
  <Scale>1</Scale>
   <Manufacturer>Kuka</Manufacturer>
  <ModelName>KR 5 Sixx</ModelName>
  <Payload>5</Payload>
  <TotalWeight>28</TotalWeight>
  <Links>
    <Link>
      <FileName>link0.stl</FileName>
      <Color>Coral</Color>
    </Link>
    <Link>
      <FileName>link1.stl</FileName>
      <Color>Yellow</Color>
    </Link>
    <Link>
      <FileName>link2.stl</FileName>
      <Color>IndianRed</Color>
    </Link>
    <Link>
      <FileName>link3.stl</FileName>
      <Color>Yellow</Color>
    </Link>
	<Link>
      <FileName>link4.stl</FileName>
     <Color>LightCoral</Color>
    </Link>
	<Link>
      <FileName>link5.stl</FileName>
      <Color>Peru</Color>
    </Link>
	<Link>
      <FileName>link6.stl</FileName>
      <Color>SpringGreen</Color>
    </Link>
  </Links>
  <Joints>
    <RevoluteJoint>
      <JointOffset>335</JointOffset>
      <JointAngle>0</JointAngle>
      <LinkLength>75</LinkLength>
      <TwistAngle>-90</TwistAngle>
      <JointAngleMin>-170</JointAngleMin>
      <JointAngleMax>170</JointAngleMax>
    </RevoluteJoint>
    <RevoluteJoint>
      <JointOffset>0</JointOffset>
      <JointAngle>-90</JointAngle>
      <LinkLength>365</LinkLength>
      <TwistAngle>0</TwistAngle>
      <JointAngleMin>-190</JointAngleMin>
      <JointAngleMax>45</JointAngleMax>
    </RevoluteJoint>
    <RevoluteJoint>
      <JointOffset>0</JointOffset>
      <JointAngle>0</JointAngle>
      <LinkLength>90</LinkLength>
      <TwistAngle>-90</TwistAngle>
      <JointAngleMin>-209</JointAngleMin>
      <JointAngleMax>75</JointAngleMax>
    </RevoluteJoint>
    <RevoluteJoint>
      <JointOffset>405</JointOffset>
      <JointAngle>0</JointAngle>
      <LinkLength>0</LinkLength>
      <TwistAngle>90</TwistAngle>
      <JointAngleMin>-190</JointAngleMin>
      <JointAngleMax>190</JointAngleMax>
    </RevoluteJoint>
	<RevoluteJoint>
      <JointOffset>0</JointOffset>
      <JointAngle>90</JointAngle>
      <LinkLength>0</LinkLength>
      <TwistAngle>90</TwistAngle>
      <JointAngleMin>-120</JointAngleMin>
      <JointAngleMax>120</JointAngleMax>
    </RevoluteJoint>
	<RevoluteJoint>
      <JointOffset>-80</JointOffset>
      <JointAngle>0</JointAngle>
      <LinkLength>0</LinkLength>
      <TwistAngle>180</TwistAngle>
      <JointAngleMin>-350</JointAngleMin>
      <JointAngleMax>350</JointAngleMax>
    </RevoluteJoint>
  </Joints>
</Robot>