<?xml version="1.0" encoding="utf-8"?>
<Robot xmlns:xsi="http://www.w3.org/2001/XMLSchema-instance" xmlns:xsd="http://www.w3.org/2001/XMLSchema">
  <Name>ARISTO</Name>
  <Scale>1</Scale>
   <Manufacturer>MTAB</Manufacturer>
  <ModelName>Aristo</ModelName>
  <Payload>2.5</Payload>
  <TotalWeight>35</TotalWeight>
  <Links>
    <Link>
      <FileName>link0.stl</FileName>
      <Color>Gray</Color>
      <MassProperty>
        <Mass>49.249</Mass>
        <Ixx>0.485</Ixx>
        <Iyy>1.117</Iyy>
        <Izz>1.239</Izz>
        <Ixy>-0.011</Ixy>
        <Ixz>-0.014</Ixz>
        <Iyz>-0.001</Iyz>
      </MassProperty>
      <CGProperty>
        <Rx>-0.068</Rx>
        <Ry>-0.001</Ry>
        <Rz>0.110</Rz>
      </CGProperty>
    </Link>
    
    <Link>
      <FileName>link1.stl</FileName>
      <Color>Sienna</Color>
      <MassProperty>
        <Mass>31.277</Mass>
        <Ixx>0.345</Ixx>
        <Iyy>0.511</Iyy>
        <Izz>0.520</Izz>
        <Ixy>-0.123</Ixy>
        <Ixz>0.019</Ixz>
        <Iyz>0.012</Iyz>
      </MassProperty>
      <CGProperty>
        <Rx>-0.105</Rx>
        <Ry>-0.059</Ry>
        <Rz>-0.005</Rz>
      </CGProperty>
    </Link>
    <Link>
      <FileName>link2.stl</FileName>
      <Color>Yellow</Color>
      <MassProperty>
        <Mass>15.578</Mass>
        <Ixx>0.043</Ixx>
        <Iyy>0.530</Iyy>
        <Izz>0.540</Izz>
        <Ixy>0.004</Ixy>
        <Ixz>-0.017</Ixz>
        <Iyz>0.000</Iyz>
      </MassProperty>
      <CGProperty>
        <Rx>-0.333</Rx>
        <Ry>-0.002</Ry>
        <Rz>0.174</Rz>
      </CGProperty>
    </Link>
    <Link>
      <FileName>link3.stl</FileName>
      <Color>BlueViolet</Color>
      <MassProperty>
        <Mass>25.298</Mass>
        <Ixx>0.759</Ixx>
        <Iyy>0.734</Iyy>
        <Izz>0.203</Izz>
        <Ixy>0.009</Ixy>
        <Ixz>-0.024</Ixz>
        <Iyz>0.007</Iyz>
      </MassProperty>
      <CGProperty>
        <Rx>-0.032</Rx>
        <Ry>0.008</Ry>
        <Rz>0.034</Rz>
      </CGProperty>
    </Link>
    <Link>
      <FileName>link4.stl</FileName>
      <Color>Peru</Color>
      <MassProperty>
        <Mass>4.001</Mass>
        <Ixx>0.024</Ixx>
        <Iyy>0.009</Iyy>
        <Izz>0.020</Izz>
        <Ixy>0.000</Ixy>
        <Ixz>0.000</Ixz>
        <Iyz>-0.002</Iyz>
      </MassProperty>
      <CGProperty>
        <Rx>-0.000</Rx>
        <Ry>-0.109</Ry>
        <Rz>0.008</Rz>
      </CGProperty>
    </Link>
    <Link>
      <FileName>link5.stl</FileName>
      <Color>DarkViolet</Color>
      <MassProperty>
        <Mass>1.581</Mass>
        <Ixx>0.004</Ixx>
        <Iyy>0.003</Iyy>
        <Izz>0.001</Izz>
        <Ixy>-0.000</Ixy>
        <Ixz>0.000</Ixz>
        <Iyz>-0.000</Iyz>
      </MassProperty>
      <CGProperty>
        <Rx>0.000</Rx>
        <Ry>-0.010</Ry>
        <Rz>0.033</Rz>
      </CGProperty>
    </Link>
    <Link>
      <FileName>link6.stl</FileName>
      <Color>Maroon</Color>
      <MassProperty>
        <Mass>0.016</Mass>
        <Ixx>0.000</Ixx>
        <Iyy>0.000</Iyy>
        <Izz>0.000</Izz>
        <Ixy>0.000</Ixy>
        <Ixz>0.000</Ixz>
        <Iyz>0.000</Iyz>
      </MassProperty>
      <CGProperty>
        <Rx>-0.000</Rx>
        <Ry>-0.000</Ry>
        <Rz>-0.003</Rz>
      </CGProperty>
    </Link>
  </Links>
  
  <Joints>
    <RevoluteJoint>
      <JointOffset>322</JointOffset>
      <JointAngle>90</JointAngle>
      <LinkLength>0</LinkLength>
      <TwistAngle>90</TwistAngle>
      <JointAngleMin>-150</JointAngleMin>
      <JointAngleMax>150</JointAngleMax>
    </RevoluteJoint>
    <RevoluteJoint>
      <JointOffset>0</JointOffset>
      <JointAngle>90</JointAngle>
      <LinkLength>300</LinkLength>
      <TwistAngle>0</TwistAngle>
      <JointAngleMin>60</JointAngleMin>
      <JointAngleMax>120</JointAngleMax>
    </RevoluteJoint>
    <RevoluteJoint>
      <JointOffset>0</JointOffset>
      <JointAngle>180</JointAngle>
      <LinkLength>0</LinkLength>
      <TwistAngle>90</TwistAngle>
      <JointAngleMin>130</JointAngleMin>
      <JointAngleMax>190</JointAngleMax>
    </RevoluteJoint>
    <RevoluteJoint>
      <JointOffset>-375</JointOffset>
      <JointAngle>-180</JointAngle>
      <LinkLength>0</LinkLength>
      <TwistAngle>90</TwistAngle>
      <JointAngleMin>-210</JointAngleMin>
      <JointAngleMax>-150</JointAngleMax>
    </RevoluteJoint>
    <RevoluteJoint>
      <JointOffset>0</JointOffset>
      <JointAngle>0</JointAngle>
      <LinkLength>0</LinkLength>
      <TwistAngle>90</TwistAngle>
      <JointAngleMin>-90</JointAngleMin>
      <JointAngleMax>90</JointAngleMax>
    </RevoluteJoint>
    <RevoluteJoint>
      <JointOffset>63</JointOffset>
      <JointAngle>0</JointAngle>
      <LinkLength>0</LinkLength>
      <TwistAngle>0</TwistAngle>
      <JointAngleMin>-165</JointAngleMin>
      <JointAngleMax>165</JointAngleMax>
    </RevoluteJoint>
  </Joints>
</Robot>
