<?xml version="1.0" encoding="utf-8"?>
<Robot xmlns:xsi="http://www.w3.org/2001/XMLSchema-instance" xmlns:xsd="http://www.w3.org/2001/XMLSchema">
  <Name>KukaKR5Coll1</Name>
  <Scale>1</Scale>
   <Manufacturer>Kuka</Manufacturer>
  <ModelName>KR 5 Arc</ModelName>
  <Payload>5</Payload>
  <TotalWeight>127</TotalWeight>
  <Links>
    <Link>
      <FileName>link0.stl</FileName>
      <Color>SlateGray</Color>
    </Link>
    <Link>
      <FileName>link1.stl</FileName>
      <Color>Goldenrod</Color>
    </Link>
    <Link>
      <FileName>link2.stl</FileName>
      <Color>OrangeRed</Color>
    </Link>
    <Link>
      <FileName>link3.stl</FileName>
      <Color>Sienna</Color>
    </Link>
	<Link>
      <FileName>link4.stl</FileName>
    <Color>Gold</Color>
    </Link>
	<Link>
      <FileName>link5.stl</FileName>
      <Color>Indigo</Color>
    </Link>
	<Link>
      <FileName>link6.stl</FileName>
      <Color>MintCream</Color>
    </Link>
  </Links>
  <Joints>
    <RevoluteJoint>
      <JointOffset>400.0003</JointOffset>
      <JointAngle>0</JointAngle>
      <LinkLength>180</LinkLength>
      <TwistAngle>90</TwistAngle>
      <JointAngleMin>-155</JointAngleMin>
      <JointAngleMax>155</JointAngleMax>
    </RevoluteJoint>
    <RevoluteJoint>
      <JointOffset>0</JointOffset>
      <JointAngle>90</JointAngle>
      <LinkLength>600.0001</LinkLength>
      <TwistAngle>-180</TwistAngle>
      <JointAngleMin>-65</JointAngleMin>
      <JointAngleMax>180</JointAngleMax>
    </RevoluteJoint>
    <RevoluteJoint>
      <JointOffset>0</JointOffset>
      <JointAngle>0</JointAngle>
      <LinkLength>120</LinkLength>
      <TwistAngle>90</TwistAngle>
      <JointAngleMin>-105</JointAngleMin>
      <JointAngleMax>68</JointAngleMax>
    </RevoluteJoint>
    <RevoluteJoint>
      <JointOffset>-620</JointOffset>
      <JointAngle>0</JointAngle>
      <LinkLength>0</LinkLength>
      <TwistAngle>90</TwistAngle>
      <JointAngleMin>-350</JointAngleMin>
      <JointAngleMax>350</JointAngleMax>
    </RevoluteJoint>
    <RevoluteJoint>
      <JointOffset>0</JointOffset>
      <JointAngle>-90</JointAngle>
      <LinkLength>0</LinkLength>
      <TwistAngle>-90</TwistAngle>
      <JointAngleMin>-130</JointAngleMin>
      <JointAngleMax>130</JointAngleMax>
    </RevoluteJoint>
    <RevoluteJoint>
      <JointOffset>-115</JointOffset>
      <JointAngle>0</JointAngle>
      <LinkLength>0</LinkLength>
      <TwistAngle>180</TwistAngle>
      <JointAngleMin>-350</JointAngleMin>
      <JointAngleMax>350</JointAngleMax>
    </RevoluteJoint>
  </Joints>
</Robot>
